match_id,event,team1,team2,t1_win_rate,t2_win_rate,win_rate_diff,t1_recent_form,t2_recent_form,form_diff,t1_elo,t2_elo,elo_diff,h2h_t1_winrate,acs_diff,rating_diff,t1_avg_acs,t2_avg_acs,label
596399,VCT 2026: Americas Kickoff,ENVY,Evil Geniuses,0.5,0.5,0.0,0.5,0.5,0.0,1500.0,1500.0,0.0,0.5,6.159999999999997,0.0040000000000000036,194.264,188.104,1
596398,VCT 2026: Americas Kickoff,LOUD,Cloud9,0.5,0.5,0.0,0.5,0.5,0.0,1500.0,1500.0,0.0,0.5,-4.415999999999997,-0.03499999999999992,187.227,191.643,0
596400,VCT 2026: Americas Kickoff,KRÜ Esports,FURIA,0.5,0.5,0.0,0.5,0.5,0.0,1500.0,1500.0,0.0,0.5,-0.6750000000000114,0.0050000000000000044,191.325,192.0,0
596401,VCT 2026: Americas Kickoff,100 Thieves,LEVIATÁN,0.5,0.5,0.0,0.5,0.5,0.0,1500.0,1500.0,0.0,0.5,-2.287000000000006,-0.01100000000000012,198.102,200.389,1
596402,VCT 2026: Americas Kickoff,NRG,Cloud9,0.5,1.0,-0.5,0.5,1.0,-0.5,1500.0,1516.0,-16.0,0.5,5.945999999999998,0.08600000000000008,197.589,191.643,1
596403,VCT 2026: Americas Kickoff,MIBR,ENVY,0.5,1.0,-0.5,0.5,1.0,-0.5,1500.0,1516.0,-16.0,0.5,-0.2880000000000109,0.03400000000000003,193.976,194.264,1
596404,VCT 2026: Americas Kickoff,Sentinels,FURIA,0.5,1.0,-0.5,0.5,1.0,-0.5,1500.0,1516.0,-16.0,0.5,-0.1599999999999966,-0.0020000000000000018,191.84,192.0,0
596405,VCT 2026: Americas Kickoff,G2 Esports,100 Thieves,0.5,1.0,-0.5,0.5,1.0,-0.5,1500.0,1516.0,-16.0,0.5,5.448999999999984,0.020000000000000018,203.551,198.102,1
596409,VCT 2026: Americas Kickoff,LOUD,100 Thieves,0.0,0.5,-0.5,0.0,0.5,-0.5,1484.0,1499.263693206478,-15.26369320647791,0.5,-10.875,-0.10799999999999987,187.227,198.102,0
596410,VCT 2026: Americas Kickoff,Evil Geniuses,Sentinels,0.0,0.0,0.0,0.0,0.0,0.0,1484.0,1484.736306793522,-0.7363067935220897,0.5,-3.73599999999999,-0.016000000000000014,188.104,191.84,0
596411,VCT 2026: Americas Kickoff,KRÜ Esports,ENVY,0.0,0.5,-0.5,0.0,0.5,-0.5,1484.0,1499.263693206478,-15.26369320647791,0.5,-2.9390000000000214,0.019000000000000017,191.325,194.264,0
596412,VCT 2026: Americas Kickoff,LEVIATÁN,Cloud9,0.0,0.5,-0.5,0.0,0.5,-0.5,1484.0,1499.263693206478,-15.26369320647791,0.5,8.74600000000001,0.08400000000000007,200.389,191.643,0
596413,VCT 2026: Americas Kickoff,100 Thieves,Sentinels,0.6667,0.5,0.16669999999999996,0.6667,0.5,0.16669999999999996,1514.5612260339533,1500.7023986633528,13.858827370600466,0.5,6.2620000000000005,0.06899999999999995,198.102,191.84,1
596414,VCT 2026: Americas Kickoff,ENVY,Cloud9,0.6667,0.6667,0.0,0.6667,0.6667,0.0,1514.5612260339533,1514.5612260339533,0.0,0.5,2.6210000000000093,-0.008000000000000007,194.264,191.643,0
596406,VCT 2026: Americas Kickoff,NRG,MIBR,1.0,1.0,0.0,1.0,1.0,0.0,1516.736306793522,1516.736306793522,0.0,0.5,3.6129999999999995,0.06000000000000005,197.589,193.976,0
596407,VCT 2026: Americas Kickoff,FURIA,G2 Esports,1.0,1.0,0.0,1.0,1.0,0.0,1531.263693206478,1516.736306793522,14.52738641295582,0.5,-11.550999999999988,-0.08699999999999997,192.0,203.551,1
596419,VCT 2026: Americas Kickoff,LOUD,Evil Geniuses,0.0,0.0,0.0,0.0,0.0,0.0,1468.7024671725246,1468.0339081301693,0.6685590423553549,0.5,-0.8770000000000095,-0.02299999999999991,187.227,188.104,0
596420,VCT 2026: Americas Kickoff,KRÜ Esports,LEVIATÁN,0.0,0.0,0.0,0.0,0.0,0.0,1468.7024671725246,1468.7024671725246,0.0,0.5,-9.064000000000021,-0.07300000000000006,191.325,200.389,0
596415,VCT 2026: Americas Kickoff,NRG,100 Thieves,0.5,0.75,-0.25,0.5,0.75,-0.25,1500.736306793522,1529.9233417298187,-29.18703493629664,0.5,-0.5130000000000052,0.013000000000000123,197.589,198.102,1
596416,VCT 2026: Americas Kickoff,G2 Esports,Cloud9,0.5,0.75,-0.25,0.5,0.75,-0.25,1501.4049280472937,1530.5612260339533,-29.156297986659638,0.5,11.907999999999987,0.09299999999999997,203.551,191.643,1
596421,VCT 2026: Americas Kickoff,ENVY,Evil Geniuses,0.5,0.3333,0.16670000000000001,0.5,0.3333,0.16670000000000001,1498.5612260339533,1484.0646963738625,14.4965296600908,1.0,6.159999999999997,0.0040000000000000036,194.264,188.104,0
596422,VCT 2026: Americas Kickoff,Sentinels,LEVIATÁN,0.3333,0.3333,0.0,0.3333,0.3333,0.0,1485.3402829674874,1484.7024671725246,0.6378157949627621,0.5,-8.549000000000007,-0.08000000000000007,191.84,200.389,0
596423,VCT 2026: Americas Kickoff,100 Thieves,Evil Geniuses,0.6,0.5,0.09999999999999998,0.6,0.5,0.09999999999999998,1512.5823820813791,1500.7318990979013,11.850482983477832,0.5,9.99799999999999,0.08499999999999996,198.102,188.104,1
596424,VCT 2026: Americas Kickoff,Cloud9,LEVIATÁN,0.6,0.5,0.09999999999999998,0.6,0.5,0.09999999999999998,1513.2216719422195,1500.7318396423598,12.4898322998597,1.0,-8.74600000000001,-0.08400000000000007,191.643,200.389,1
596417,VCT 2026: Americas Kickoff,NRG,G2 Esports,0.6667,0.6667,0.0,0.6667,0.6667,0.0,1518.0772664419617,1518.7444821390275,-0.6672156970657852,0.5,-5.961999999999989,-0.006999999999999895,197.589,203.551,0
596425,VCT 2026: Americas Kickoff,100 Thieves,Cloud9,0.6667,0.6667,0.0,0.6,0.6,0.0,1528.0368587069815,1528.6467415491072,-0.6098828421256712,0.5,6.459000000000003,0.07299999999999995,198.102,191.643,1
596408,VCT 2026: Americas Kickoff,MIBR,FURIA,1.0,1.0,0.0,1.0,1.0,0.0,1532.736306793522,1546.5950719527063,-13.858765159184259,0.5,1.975999999999999,0.020000000000000018,193.976,192.0,0
596426,VCT 2026: Americas Kickoff,NRG,100 Thieves,0.5,0.7143,-0.21430000000000005,0.5,0.8,-0.30000000000000004,1502.1079928225467,1544.0649448209488,-41.95695199840202,1.0,-0.5130000000000052,0.013000000000000123,197.589,198.102,1
596418,VCT 2026: Americas Kickoff,MIBR,G2 Esports,0.6667,0.75,-0.08330000000000004,0.6667,0.75,-0.08330000000000004,1517.3741882372688,1534.7137557584424,-17.33956752117365,0.5,-9.574999999999989,-0.06699999999999995,193.976,203.551,0
596427,VCT 2026: Americas Kickoff,MIBR,NRG,0.5,0.6,-0.09999999999999998,0.5,0.6,-0.09999999999999998,1502.172042525953,1520.0308436972184,-17.85880117126544,1.0,-3.6129999999999995,-0.06000000000000005,193.976,197.589,0
594740,VCT 2026: EMEA Kickoff,Natus Vincere,Karmine Corp,0.5,0.5,0.0,0.5,0.5,0.0,1500.0,1500.0,0.0,0.5,3.647999999999996,0.025000000000000022,193.84,190.192,1
594741,VCT 2026: EMEA Kickoff,FUT Esports,Gentle Mates,0.5,0.5,0.0,0.5,0.5,0.0,1500.0,1500.0,0.0,0.5,-6.042000000000002,-0.06900000000000006,190.206,196.248,0
594742,VCT 2026: EMEA Kickoff,PCIFIC Esports,BBL Esports,0.5,0.5,0.0,0.5,0.5,0.0,1500.0,1500.0,0.0,0.5,-8.188999999999993,-0.040999999999999925,181.84,190.029,0
594743,VCT 2026: EMEA Kickoff,ULF Esports,Team Vitality,0.5,0.5,0.0,0.5,0.5,0.0,1500.0,1500.0,0.0,0.5,-20.14099999999999,-0.21399999999999997,181.733,201.874,0
594744,VCT 2026: EMEA Kickoff,Team Heretics,Natus Vincere,0.5,1.0,-0.5,0.5,1.0,-0.5,1500.0,1516.0,-16.0,0.5,7.1769999999999925,0.06000000000000005,201.017,193.84,0
594745,VCT 2026: EMEA Kickoff,GIANTX,Gentle Mates,0.5,1.0,-0.5,0.5,1.0,-0.5,1500.0,1516.0,-16.0,0.5,-8.615999999999985,-0.05800000000000005,187.632,196.248,0
594746,VCT 2026: EMEA Kickoff,FNATIC,BBL Esports,0.5,1.0,-0.5,0.5,1.0,-0.5,1500.0,1516.0,-16.0,0.5,8.635999999999996,0.07500000000000007,198.665,190.029,0
594747,VCT 2026: EMEA Kickoff,Team Liquid,Team Vitality,0.5,1.0,-0.5,0.5,1.0,-0.5,1500.0,1516.0,-16.0,0.5,-4.837999999999994,-0.052999999999999936,197.036,201.874,0
594751,VCT 2026: EMEA Kickoff,Karmine Corp,Team Liquid,0.0,0.0,0.0,0.0,0.0,0.0,1484.0,1484.736306793522,-0.7363067935220897,0.5,-6.843999999999994,-0.041000000000000036,190.192,197.036,0
594752,VCT 2026: EMEA Kickoff,FUT Esports,FNATIC,0.0,0.0,0.0,0.0,0.0,0.0,1484.0,1484.736306793522,-0.7363067935220897,0.5,-8.459000000000003,-0.08300000000000007,190.206,198.665,0
594753,VCT 2026: EMEA Kickoff,PCIFIC Esports,GIANTX,0.0,0.0,0.0,0.0,0.0,0.0,1484.0,1484.736306793522,-0.7363067935220897,0.5,-5.792000000000002,-0.04399999999999993,181.84,187.632,0
594754,VCT 2026: EMEA Kickoff,ULF Esports,Team Heretics,0.0,0.0,0.0,0.0,0.0,0.0,1484.0,1484.736306793522,-0.7363067935220897,0.5,-19.283999999999992,-0.20500000000000007,181.733,201.017,0
594748,VCT 2026: EMEA Kickoff,Natus Vincere,Gentle Mates,1.0,1.0,0.0,1.0,1.0,0.0,1531.263693206478,1531.263693206478,0.0,0.5,-2.407999999999987,-0.030000000000000027,193.84,196.248,0
594749,VCT 2026: EMEA Kickoff,BBL Esports,Team Vitality,1.0,1.0,0.0,1.0,1.0,0.0,1531.263693206478,1531.263693206478,0.0,0.5,-11.844999999999999,-0.09999999999999998,190.029,201.874,1
594755,VCT 2026: EMEA Kickoff,Team Liquid,FNATIC,0.5,0.5,0.0,0.5,0.5,0.0,1500.7023986633528,1500.7023986633528,0.0,0.5,-1.6289999999999907,-0.028000000000000025,197.036,198.665,0
594756,VCT 2026: EMEA Kickoff,GIANTX,Team Heretics,0.5,0.5,0.0,0.5,0.5,0.0,1500.7023986633528,1500.7023986633528,0.0,0.5,-13.384999999999991,-0.08800000000000008,187.632,201.017,1
594761,VCT 2026: EMEA Kickoff,Karmine Corp,FUT Esports,0.0,0.0,0.0,0.0,0.0,0.0,1468.0339081301693,1468.0339081301693,0.0,0.5,-0.013999999999981583,0.014000000000000012,190.192,190.206,1
594762,VCT 2026: EMEA Kickoff,PCIFIC Esports,ULF Esports,0.0,0.0,0.0,0.0,0.0,0.0,1468.0339081301693,1468.0339081301693,0.0,0.5,0.10699999999999932,0.07300000000000006,181.84,181.733,0
594757,VCT 2026: EMEA Kickoff,Natus Vincere,FNATIC,0.6667,0.6667,0.0,0.6667,0.6667,0.0,1515.263693206478,1516.7023986633528,-1.4387054568749136,0.5,-4.824999999999989,-0.04400000000000004,193.84,198.665,0
594758,VCT 2026: EMEA Kickoff,Team Vitality,GIANTX,0.6667,0.6667,0.0,0.6667,0.6667,0.0,1515.263693206478,1516.7023986633528,-1.4387054568749136,0.5,14.24199999999999,0.09699999999999998,201.874,187.632,1
594763,VCT 2026: EMEA Kickoff,Team Heretics,Karmine Corp,0.3333,0.3333,0.0,0.3333,0.3333,0.0,1484.7023986633528,1484.0339081301693,0.668490533183558,0.5,10.824999999999989,0.08500000000000008,201.017,190.192,1
594764,VCT 2026: EMEA Kickoff,Team Liquid,ULF Esports,0.3333,0.3333,0.0,0.3333,0.3333,0.0,1484.7023986633528,1484.0339081301693,0.668490533183558,0.5,15.302999999999997,0.16100000000000003,197.036,181.733,1
594765,VCT 2026: EMEA Kickoff,Natus Vincere,Team Heretics,0.5,0.5,0.0,0.5,0.5,0.0,1499.329947662548,1500.6716135746117,-1.3416659120637178,1.0,-7.1769999999999925,-0.06000000000000005,193.84,201.017,0
594766,VCT 2026: EMEA Kickoff,GIANTX,Team Liquid,0.5,0.5,0.0,0.5,0.5,0.0,1500.6361442072828,1500.6716135746117,-0.035469367328914814,0.5,-9.403999999999996,-0.04400000000000004,187.632,197.036,0
594767,VCT 2026: EMEA Kickoff,Team Heretics,Team Liquid,0.6,0.6,0.0,0.6,0.6,0.0,1516.6098278831525,1516.669980149888,-0.06015226673548568,0.5,3.9809999999999945,0.04400000000000004,201.017,197.036,0
594759,VCT 2026: EMEA Kickoff,FNATIC,Team Vitality,0.75,0.75,0.0,0.75,0.75,0.0,1532.6361442072828,1531.329947662548,1.306196544734803,0.5,-3.209000000000003,-0.02499999999999991,198.665,201.874,1
594750,VCT 2026: EMEA Kickoff,Gentle Mates,BBL Esports,1.0,1.0,0.0,1.0,1.0,0.0,1547.263693206478,1547.263693206478,0.0,0.5,6.218999999999994,0.061000000000000054,196.248,190.029,0
594768,VCT 2026: EMEA Kickoff,Team Vitality,Team Liquid,0.6,0.6667,-0.06669999999999998,0.6,0.8,-0.20000000000000007,1515.3900999529972,1532.6672100356618,-17.27711008266465,1.0,4.837999999999994,0.052999999999999936,201.874,197.036,0
594760,VCT 2026: EMEA Kickoff,Gentle Mates,FNATIC,0.75,0.8,-0.050000000000000044,0.75,0.8,-0.050000000000000044,1531.263693206478,1548.5759919168336,-17.312298710355662,0.5,-2.4170000000000016,-0.014000000000000012,196.248,198.665,1
594769,VCT 2026: EMEA Kickoff,FNATIC,Team Liquid,0.6667,0.7143,-0.04760000000000009,0.8,0.8,0.0,1531.7793902855756,1547.8722248918464,-16.0928346062708,1.0,1.6289999999999907,0.028000000000000025,198.665,197.036,0
595630,VCT 2026: Pacific Kickoff,Nongshim RedForce,Team Secret,0.5,0.5,0.0,0.5,0.5,0.0,1500.0,1500.0,0.0,0.5,14.015000000000015,0.11499999999999999,200.615,186.6,1
595631,VCT 2026: Pacific Kickoff,ZETA DIVISION,FULL SENSE,0.5,0.5,0.0,0.5,0.5,0.0,1500.0,1500.0,0.0,0.5,-15.653999999999996,-0.124,185.722,201.376,0
595632,VCT 2026: Pacific Kickoff,VARREL,Global Esports,0.5,0.5,0.0,0.5,0.5,0.0,1500.0,1500.0,0.0,0.5,-15.261000000000024,-0.121,185.95,201.211,0
595633,VCT 2026: Pacific Kickoff,DetonatioN FocusMe,Gen.G,0.5,0.5,0.0,0.5,0.5,0.0,1500.0,1500.0,0.0,0.5,0.4140000000000157,-0.0020000000000000018,194.406,193.992,1
595634,VCT 2026: Pacific Kickoff,T1,Nongshim RedForce,0.5,1.0,-0.5,0.5,1.0,-0.5,1500.0,1516.0,-16.0,0.5,2.228999999999985,0.014000000000000012,202.844,200.615,0
595635,VCT 2026: Pacific Kickoff,Kiwoom DRX,FULL SENSE,0.5,1.0,-0.5,0.5,1.0,-0.5,1500.0,1516.0,-16.0,0.5,-6.3089999999999975,-0.03500000000000003,195.067,201.376,0
595636,VCT 2026: Pacific Kickoff,Paper Rex,Global Esports,0.5,1.0,-0.5,0.5,1.0,-0.5,1500.0,1516.0,-16.0,0.5,6.454999999999984,0.04200000000000004,207.666,201.211,1
595637,VCT 2026: Pacific Kickoff,Rex Regum Qeon,DetonatioN FocusMe,0.5,1.0,-0.5,0.5,1.0,-0.5,1500.0,1516.0,-16.0,0.5,-0.14100000000001955,0.04200000000000004,194.265,194.406,1
595641,VCT 2026: Pacific Kickoff,Team Secret,DetonatioN FocusMe,0.0,0.5,-0.5,0.0,0.5,-0.5,1484.0,1499.263693206478,-15.26369320647791,0.5,-7.806000000000012,-0.04299999999999993,186.6,194.406,0
595642,VCT 2026: Pacific Kickoff,ZETA DIVISION,Global Esports,0.0,0.5,-0.5,0.0,0.5,-0.5,1484.0,1499.263693206478,-15.26369320647791,0.5,-15.489000000000004,-0.124,185.722,201.211,0
595643,VCT 2026: Pacific Kickoff,VARREL,Kiwoom DRX,0.0,0.0,0.0,0.0,0.0,0.0,1484.0,1484.736306793522,-0.7363067935220897,0.5,-9.117000000000019,-0.08599999999999997,185.95,195.067,0
595644,VCT 2026: Pacific Kickoff,Gen.G,T1,0.0,0.0,0.0,0.0,0.0,0.0,1484.0,1484.736306793522,-0.7363067935220897,0.5,-8.852000000000004,-0.08400000000000007,193.992,202.844,0
595638,VCT 2026: Pacific Kickoff,Nongshim RedForce,FULL SENSE,1.0,1.0,0.0,1.0,1.0,0.0,1531.263693206478,1531.263693206478,0.0,0.5,-0.7609999999999957,0.008000000000000007,200.615,201.376,1
595639,VCT 2026: Pacific Kickoff,Paper Rex,Rex Regum Qeon,1.0,1.0,0.0,1.0,1.0,0.0,1516.736306793522,1516.736306793522,0.0,0.5,13.40100000000001,0.06400000000000006,207.666,194.265,0
595645,VCT 2026: Pacific Kickoff,DetonatioN FocusMe,Global Esports,0.6667,0.6667,0.0,0.6667,0.6667,0.0,1514.5612260339533,1514.5612260339533,0.0,0.5,-6.805000000000007,-0.06400000000000006,194.406,201.211,1
595646,VCT 2026: Pacific Kickoff,Kiwoom DRX,T1,0.5,0.5,0.0,0.5,0.5,0.0,1500.7023986633528,1500.7023986633528,0.0,0.5,-7.776999999999987,-0.05700000000000005,195.067,202.844,0
595651,VCT 2026: Pacific Kickoff,Team Secret,ZETA DIVISION,0.0,0.0,0.0,0.0,0.0,0.0,1468.7024671725246,1468.7024671725246,0.0,0.5,0.8779999999999859,0.017000000000000015,186.6,185.722,0
595652,VCT 2026: Pacific Kickoff,VARREL,Gen.G,0.0,0.0,0.0,0.0,0.0,0.0,1468.0339081301693,1468.0339081301693,0.0,0.5,-8.042000000000002,-0.05899999999999994,185.95,193.992,0
595647,VCT 2026: Pacific Kickoff,FULL SENSE,DetonatioN FocusMe,0.6667,0.75,-0.08330000000000004,0.6667,0.75,-0.08330000000000004,1515.263693206478,1530.5612260339533,-15.29753282747538,0.5,6.969999999999999,0.06400000000000006,201.376,194.406,0
595648,VCT 2026: Pacific Kickoff,Paper Rex,T1,0.5,0.6667,-0.16669999999999996,0.5,0.6667,-0.16669999999999996,1500.736306793522,1516.7023986633528,-15.966091869830734,0.5,4.822000000000003,0.020000000000000018,207.666,202.844,0
595653,VCT 2026: Pacific Kickoff,Kiwoom DRX,ZETA DIVISION,0.3333,0.3333,0.0,0.3333,0.3333,0.0,1484.7023986633528,1484.7024671725246,-6.850917179690441e-05,0.5,9.344999999999999,0.08899999999999997,195.067,185.722,1
595654,VCT 2026: Pacific Kickoff,Global Esports,Gen.G,0.5,0.3333,0.16670000000000001,0.5,0.3333,0.16670000000000001,1498.5612260339533,1484.0339081301693,14.527317903784024,0.5,7.2190000000000225,0.062000000000000055,201.211,193.992,1
595655,VCT 2026: Pacific Kickoff,FULL SENSE,Kiwoom DRX,0.5,0.5,0.0,0.5,0.5,0.0,1499.967715740599,1500.7024018183167,-0.7346860777176971,1.0,6.3089999999999975,0.03500000000000003,201.376,195.067,0
595656,VCT 2026: Pacific Kickoff,Paper Rex,Global Esports,0.3333,0.6,-0.2667,0.3333,0.6,-0.2667,1485.471055359896,1513.8926079296361,-28.421552569740243,1.0,6.454999999999984,0.04200000000000004,207.666,201.211,1
595657,VCT 2026: Pacific Kickoff,Kiwoom DRX,Paper Rex,0.6,0.5,0.09999999999999998,0.6,0.5,0.09999999999999998,1516.6685683245341,1502.7770044468182,13.891563877715953,0.5,-12.59899999999999,-0.07700000000000007,195.067,207.666,0
595649,VCT 2026: Pacific Kickoff,DetonatioN FocusMe,T1,0.8,0.75,0.050000000000000044,0.8,0.75,0.050000000000000044,1545.8572034998322,1531.967650096979,13.889553402853153,0.5,-8.437999999999988,-0.08600000000000008,194.406,202.844,0
595640,VCT 2026: Pacific Kickoff,Nongshim RedForce,Rex Regum Qeon,1.0,1.0,0.0,1.0,1.0,0.0,1547.263693206478,1532.736306793522,14.52738641295582,0.5,6.350000000000023,0.030000000000000027,200.615,194.265,1
595658,VCT 2026: Pacific Kickoff,DetonatioN FocusMe,Paper Rex,0.6667,0.6,0.06669999999999998,0.6,0.6,0.0,1529.2179064636398,1519.4163939209661,9.801512542673663,0.5,-13.259999999999991,-0.1060000000000001,194.406,207.666,0
595650,VCT 2026: Pacific Kickoff,Rex Regum Qeon,T1,0.6667,0.8,-0.13330000000000009,0.6667,0.8,-0.13330000000000009,1517.4049280472937,1548.6069471331714,-31.202019085877737,0.5,-8.579000000000008,-0.04400000000000004,194.265,202.844,0
595659,VCT 2026: Pacific Kickoff,Rex Regum Qeon,Paper Rex,0.5,0.6667,-0.16669999999999996,0.5,0.6,-0.09999999999999998,1502.8379835564274,1535.8676505480867,-33.02966699165927,1.0,-13.40100000000001,-0.06400000000000006,194.265,207.666,0
598923,VCT 2026: China Kickoff,Trace Esports,Wolves Esports,0.5,0.5,0.0,0.5,0.5,0.0,1500.0,1500.0,0.0,0.5,5.580999999999989,0.03700000000000003,194.381,188.8,0
598924,VCT 2026: China Kickoff,FunPlus Phoenix,TYLOO,0.5,0.5,0.0,0.5,0.5,0.0,1500.0,1500.0,0.0,0.5,-19.891999999999996,-0.10099999999999998,186.44,206.332,0
598921,VCT 2026: China Kickoff,All Gamers,Nova Esports,0.5,0.5,0.0,0.5,0.5,0.0,1500.0,1500.0,0.0,0.5,14.992999999999995,0.11199999999999999,197.652,182.659,1
598922,VCT 2026: China Kickoff,JDG Esports,Titan Esports Club,0.5,0.5,0.0,0.5,0.5,0.0,1500.0,1500.0,0.0,0.5,-2.0970000000000084,-0.02300000000000002,194.897,196.994,1
598927,VCT 2026: China Kickoff,Xi Lai Gaming,Wolves Esports,0.5,1.0,-0.5,0.5,1.0,-0.5,1500.0,1516.0,-16.0,0.5,16.637,0.08299999999999996,205.437,188.8,1
598928,VCT 2026: China Kickoff,EDward Gaming,TYLOO,0.5,1.0,-0.5,0.5,1.0,-0.5,1500.0,1516.0,-16.0,0.5,-3.0889999999999986,0.004999999999999893,203.243,206.332,1
598925,VCT 2026: China Kickoff,Bilibili Gaming,All Gamers,0.5,1.0,-0.5,0.5,1.0,-0.5,1500.0,1516.0,-16.0,0.5,1.2630000000000052,0.031000000000000028,198.915,197.652,0
598926,VCT 2026: China Kickoff,Dragon Ranger Gaming,JDG Esports,0.5,1.0,-0.5,0.5,1.0,-0.5,1500.0,1516.0,-16.0,0.5,6.0660000000000025,0.029999999999999916,200.963,194.897,1
598932,VCT 2026: China Kickoff,Nova Esports,TYLOO,0.0,0.5,-0.5,0.0,0.5,-0.5,1484.0,1499.263693206478,-15.26369320647791,0.5,-23.673000000000002,-0.15300000000000002,182.659,206.332,0
598933,VCT 2026: China Kickoff,Titan Esports Club,Wolves Esports,0.0,0.5,-0.5,0.0,0.5,-0.5,1484.0,1499.263693206478,-15.26369320647791,0.5,8.193999999999988,0.052000000000000046,196.994,188.8,1
598934,VCT 2026: China Kickoff,Trace Esports,JDG Esports,0.0,0.5,-0.5,0.0,0.5,-0.5,1484.0,1499.263693206478,-15.26369320647791,0.5,-0.5159999999999911,0.008000000000000007,194.381,194.897,1
598935,VCT 2026: China Kickoff,FunPlus Phoenix,Bilibili Gaming,0.0,0.0,0.0,0.0,0.0,0.0,1484.0,1484.736306793522,-0.7363067935220897,0.5,-12.474999999999994,-0.09099999999999997,186.44,198.915,0
598936,VCT 2026: China Kickoff,TYLOO,Titan Esports Club,0.6667,0.5,0.16669999999999996,0.6667,0.5,0.16669999999999996,1514.5612260339533,1500.7024671725246,13.858758861428669,0.5,9.337999999999994,0.028000000000000025,206.332,196.994,1
598937,VCT 2026: China Kickoff,Trace Esports,Bilibili Gaming,0.5,0.5,0.0,0.5,0.5,0.0,1500.7024671725246,1500.7023986633528,6.850917179690441e-05,0.5,-4.533999999999992,-0.03300000000000003,194.381,198.915,0
598942,VCT 2026: China Kickoff,Nova Esports,Wolves Esports,0.0,0.3333,-0.3333,0.0,0.3333,-0.3333,1468.7024671725246,1482.5612260339533,-13.858758861428669,0.5,-6.1410000000000196,-0.07299999999999995,182.659,188.8,0
598929,VCT 2026: China Kickoff,All Gamers,Dragon Ranger Gaming,1.0,1.0,0.0,1.0,1.0,0.0,1531.263693206478,1516.736306793522,14.52738641295582,0.5,-3.311000000000007,-0.019999999999999907,197.652,200.963,1
598943,VCT 2026: China Kickoff,JDG Esports,FunPlus Phoenix,0.3333,0.0,0.3333,0.3333,0.0,0.3333,1482.5612260339533,1468.0339081301693,14.527317903784024,0.5,8.456999999999994,0.04999999999999993,194.897,186.44,1
598930,VCT 2026: China Kickoff,Xi Lai Gaming,EDward Gaming,1.0,1.0,0.0,1.0,1.0,0.0,1516.736306793522,1516.736306793522,0.0,0.5,2.194000000000017,-0.0020000000000000018,205.437,203.243,1
598944,VCT 2026: China Kickoff,Trace Esports,Wolves Esports,0.3333,0.5,-0.16670000000000001,0.3333,0.5,-0.16670000000000001,1484.7024640175607,1497.9233448797681,-13.220880862207423,0.0,5.580999999999989,0.03700000000000003,194.381,188.8,1
598938,VCT 2026: China Kickoff,Dragon Ranger Gaming,TYLOO,0.5,0.75,-0.25,0.5,0.75,-0.25,1501.4049280472937,1529.9233448797681,-28.518416832474486,0.5,-5.369,-0.02100000000000013,200.963,206.332,1
598945,VCT 2026: China Kickoff,Titan Esports Club,JDG Esports,0.3333,0.5,-0.16670000000000001,0.3333,0.5,-0.16670000000000001,1485.3403483267098,1497.8926079296361,-12.55225960292637,0.0,2.0970000000000084,0.02300000000000002,196.994,194.897,0
598939,VCT 2026: China Kickoff,EDward Gaming,Bilibili Gaming,0.5,0.6667,-0.16669999999999996,0.5,0.6667,-0.16669999999999996,1500.736306793522,1516.7024018183167,-15.96609502479464,0.5,4.328000000000003,0.014999999999999902,203.243,198.915,0
598946,VCT 2026: China Kickoff,TYLOO,Trace Esports,0.6,0.5,0.09999999999999998,0.6,0.5,0.09999999999999998,1512.612964847794,1501.3110143802764,11.3019504675176,0.5,11.950999999999993,0.04300000000000004,206.332,194.381,1
598947,VCT 2026: China Kickoff,EDward Gaming,JDG Esports,0.3333,0.6,-0.2667,0.3333,0.6,-0.2667,1485.471055504881,1513.314806383568,-27.84375087868716,0.5,8.346000000000004,0.05599999999999994,203.243,194.897,1
598940,VCT 2026: China Kickoff,Dragon Ranger Gaming,Bilibili Gaming,0.6667,0.75,-0.08330000000000004,0.6667,0.75,-0.08330000000000004,1518.7153080792677,1531.9676531069579,-13.252345027690126,0.5,2.048000000000002,-0.01100000000000012,200.963,198.915,0
598948,VCT 2026: China Kickoff,TYLOO,EDward Gaming,0.6667,0.5,0.16669999999999996,0.6,0.5,0.09999999999999998,1528.0926743012649,1502.7505695473708,25.34210475389409,0.0,3.0889999999999986,-0.004999999999999893,206.332,203.243,0
598949,VCT 2026: China Kickoff,Dragon Ranger Gaming,EDward Gaming,0.5,0.6,-0.09999999999999998,0.5,0.6,-0.09999999999999998,1503.3253053192495,1519.9155513118562,-16.590245992606697,0.5,-2.280000000000001,-0.026000000000000023,200.963,203.243,0
598931,VCT 2026: China Kickoff,All Gamers,Xi Lai Gaming,1.0,1.0,0.0,1.0,1.0,0.0,1546.5950719527063,1532.736306793522,13.858765159184259,0.5,-7.785000000000025,-0.04399999999999993,197.652,205.437,1
598941,VCT 2026: China Kickoff,Xi Lai Gaming,Bilibili Gaming,0.6667,0.8,-0.13330000000000009,0.6667,0.8,-0.13330000000000009,1517.3741882372688,1547.357655866976,-29.98346762970732,0.5,6.52200000000002,0.0129999999999999,205.437,198.915,1
598950,VCT 2026: China Kickoff,Bilibili Gaming,EDward Gaming,0.6667,0.6667,0.0,0.8,0.6,0.20000000000000007,1529.9802838208232,1535.1521223970863,-5.171838576263099,1.0,-4.328000000000003,-0.014999999999999902,198.915,203.243,0
625788,Valorant Masters Santiago 2026,Gentle Mates,EDward Gaming,0.8,0.7143,0.0857,0.8,0.8,0.0,1548.060294837736,1550.9139680191633,-2.853673181427439,0.5,-6.9950000000000045,-0.02299999999999991,196.248,203.243,1
625791,Valorant Masters Santiago 2026,Xi Lai Gaming,NRG,0.75,0.6667,0.08330000000000004,0.75,0.6,0.15000000000000002,1534.7515602834217,1535.209139069189,-0.45757878576728217,0.5,7.848000000000013,-0.009000000000000119,205.437,197.589,0
625790,Valorant Masters Santiago 2026,G2 Esports,Paper Rex,0.8,0.7143,0.0857,0.8,0.8,0.0,1549.9159014697582,1550.3511440176917,-0.43524254793351247,0.5,-4.115000000000009,-0.013000000000000123,203.551,207.666,0
625789,Valorant Masters Santiago 2026,T1,Team Liquid,0.8333,0.75,0.08330000000000004,1.0,1.0,0.0,1563.1738916240377,1563.1316520131215,0.042239610916112724,0.5,5.807999999999993,0.04400000000000004,202.844,197.036,0
626529,Valorant Masters Santiago 2026,Paper Rex,NRG,0.75,0.7143,0.035699999999999954,1.0,0.8,0.19999999999999996,1566.3311003681226,1551.1880667995529,15.143033568569763,0.5,10.076999999999998,0.020000000000000018,207.666,197.589,1
626530,Valorant Masters Santiago 2026,Gentle Mates,Team Liquid,0.8333,0.7778,0.055499999999999994,0.8,1.0,-0.19999999999999996,1564.191708389161,1579.1335972190805,-14.941888829919435,0.5,-0.7880000000000109,0.014000000000000012,196.248,197.036,1
626532,Valorant Masters Santiago 2026,EDward Gaming,T1,0.625,0.7143,-0.08930000000000005,0.8,0.8,0.0,1534.7825544677382,1547.1719464180787,-12.389391950340496,0.5,0.3990000000000009,-0.007000000000000117,203.243,202.844,0
626533,Valorant Masters Santiago 2026,Xi Lai Gaming,G2 Esports,0.6,0.6667,-0.06669999999999998,0.6,0.6,0.0,1518.7726325530577,1533.9359451193272,-15.163312566269497,0.5,1.886000000000024,-0.016000000000000014,205.437,203.551,0
626535,Valorant Masters Santiago 2026,NRG,Team Liquid,0.625,0.7,-0.07499999999999996,0.6,0.8,-0.20000000000000007,1535.8849880168161,1562.44592171702,-26.560933700203805,0.5,0.5529999999999973,0.04400000000000004,197.589,197.036,1
626534,Valorant Masters Santiago 2026,G2 Esports,T1,0.7143,0.75,-0.035699999999999954,0.8,0.8,0.0,1549.2380917938988,1562.6016355495167,-13.363543755617911,0.5,0.7069999999999936,0.006999999999999895,203.551,202.844,1
626539,Valorant Masters Santiago 2026,FURIA,Paper Rex,1.0,0.7778,0.22219999999999995,1.0,1.0,0.0,1561.9571905089597,1581.6341791508594,-19.676988641899698,0.5,-15.665999999999997,-0.10000000000000009,192.0,207.666,0
626537,Valorant Masters Santiago 2026,Nongshim RedForce,Gentle Mates,1.0,0.8571,0.14290000000000003,1.0,0.8,0.19999999999999996,1562.5950719527063,1580.8793838912216,-18.284311938515202,0.5,4.367000000000019,0.016000000000000014,200.615,196.248,1
626540,Valorant Masters Santiago 2026,BBL Esports,NRG,1.0,0.6667,0.33330000000000004,1.0,0.8,0.19999999999999996,1563.263693206478,1553.1057868740165,10.15790633246138,0.5,-7.560000000000002,-0.09100000000000008,190.029,197.589,0
626538,Valorant Masters Santiago 2026,All Gamers,G2 Esports,1.0,0.75,0.25,1.0,0.8,0.19999999999999996,1561.9571905089597,1565.8532024187505,-3.8960119097907864,0.5,-5.899000000000001,-0.05999999999999994,197.652,203.551,0
626546,Valorant Masters Santiago 2026,FURIA,BBL Esports,0.8,0.8,0.0,0.8,0.8,0.0,1546.8623817255325,1546.7960375741775,0.06634415135499694,0.5,1.9710000000000036,0.01100000000000001,192.0,190.029,0
626545,Valorant Masters Santiago 2026,Gentle Mates,All Gamers,0.75,0.8,-0.050000000000000044,0.6,0.8,-0.20000000000000007,1564.0381366901495,1546.1366009679243,17.901535722225162,0.5,-1.4039999999999964,0.02300000000000002,196.248,197.652,0
626541,Valorant Masters Santiago 2026,Nongshim RedForce,G2 Esports,1.0,0.7778,0.22219999999999995,1.0,0.8,0.19999999999999996,1579.4363191537784,1581.6737919597858,-2.2374728060074176,0.5,-2.9359999999999786,-0.020999999999999908,200.615,203.551,1
626542,Valorant Masters Santiago 2026,Paper Rex,NRG,0.8,0.7,0.10000000000000009,1.0,0.8,0.19999999999999996,1596.7289879342866,1569.573442506317,27.155545427969628,1.0,10.076999999999998,0.020000000000000018,207.666,197.589,0
626548,Valorant Masters Santiago 2026,G2 Esports,BBL Esports,0.7,0.8333,-0.13330000000000009,0.6,0.8,-0.20000000000000007,1565.5707539536365,1562.7990928352187,2.7716611184177964,0.5,13.521999999999991,0.09799999999999998,203.551,190.029,1
626547,Valorant Masters Santiago 2026,Paper Rex,All Gamers,0.7273,0.8333,-0.1060000000000001,0.8,0.8,0.0,1579.4809691904316,1562.9602683917597,16.520700798671896,0.5,10.01400000000001,0.07300000000000006,207.666,197.652,1
626543,Valorant Masters Santiago 2026,Nongshim RedForce,NRG,1.0,0.7273,0.27270000000000005,1.0,0.8,0.19999999999999996,1595.5393571599275,1586.821461250172,8.717895909755498,0.5,3.0260000000000105,-0.014000000000000012,200.615,197.589,1
626549,Valorant Masters Santiago 2026,Paper Rex,G2 Esports,0.75,0.7273,0.022700000000000053,0.8,0.8,0.0,1594.7207356892893,1581.4431169497586,13.27761873953068,1.0,4.115000000000009,0.013000000000000123,207.666,203.551,1
626550,Valorant Masters Santiago 2026,NRG,Paper Rex,0.6667,0.7692,-0.10250000000000004,0.6,0.8,-0.20000000000000007,1571.2228509567215,1610.109576246818,-38.88672529009659,0.5,-10.076999999999998,-0.020000000000000018,197.589,207.666,0
626544,Valorant Masters Santiago 2026,Nongshim RedForce,Paper Rex,1.0,0.7857,0.21430000000000005,1.0,0.8,0.19999999999999996,1611.137967453378,1624.3262169906923,-13.188249537314277,0.5,-7.050999999999988,-0.03400000000000003,200.615,207.666,1
645474,VCT 2026: Americas Stage 1,Sentinels,KRÜ Esports,0.25,0.0,0.25,0.25,0.0,0.25,1469.3109104976522,1452.7024671725246,16.60844332512761,0.5,0.5150000000000148,-0.007000000000000006,191.84,191.325,0
645475,VCT 2026: Americas Stage 1,G2 Esports,MIBR,0.6667,0.4,0.26669999999999994,0.6,0.4,0.19999999999999996,1566.05427639223,1486.9937471539824,79.06052923824745,1.0,9.574999999999989,0.06699999999999995,203.551,193.976,0
645476,VCT 2026: Americas Stage 1,100 Thieves,Evil Geniuses,0.625,0.4,0.22499999999999998,0.6,0.4,0.19999999999999996,1526.142093946277,1485.277422472299,40.864671473978206,1.0,9.99799999999999,0.08499999999999996,198.102,188.104,1
645477,VCT 2026: Americas Stage 1,ENVY,LOUD,0.4,0.0,0.4,0.4,0.0,0.4,1481.8940233099145,1452.6716789288314,29.222344381083076,0.5,7.037000000000006,0.026999999999999913,194.264,187.227,0
645478,VCT 2026: Americas Stage 1,Cloud9,LEVIATÁN,0.5714,0.4,0.1714,0.6,0.4,0.19999999999999996,1512.6186554351402,1485.306770035472,27.3118853996682,1.0,-8.74600000000001,-0.08400000000000007,191.643,200.389,0
645479,VCT 2026: Americas Stage 1,FURIA,NRG,0.6667,0.6154,0.05130000000000001,0.6,0.6,0.0,1530.8593264644912,1557.0062102128472,-26.146883748356004,0.5,-5.588999999999999,-0.08000000000000007,192.0,197.589,1
645480,VCT 2026: Americas Stage 1,Cloud9,ENVY,0.5,0.3333,0.16670000000000001,0.4,0.2,0.2,1495.3634810255835,1464.5514490368373,30.812031988746185,1.0,-2.6210000000000093,0.008000000000000007,191.643,194.264,0
645481,VCT 2026: Americas Stage 1,FURIA,Evil Geniuses,0.7143,0.3333,0.38100000000000006,0.6,0.4,0.19999999999999996,1548.061166907918,1471.1506798883468,76.91048701957129,0.5,3.8959999999999866,0.018000000000000016,192.0,188.104,1
645482,VCT 2026: Americas Stage 1,G2 Esports,LEVIATÁN,0.6154,0.5,0.11539999999999995,0.4,0.6,-0.19999999999999996,1546.4749722876702,1502.5619444450288,43.91302784264144,0.5,3.1619999999999777,0.008999999999999897,203.551,200.389,0
645483,VCT 2026: Americas Stage 1,MIBR,LOUD,0.5,0.25,0.25,0.4,0.25,0.15000000000000002,1506.5730512585421,1470.0142532019086,36.55879805663358,0.5,6.748999999999995,0.06099999999999994,193.976,187.227,1
645484,VCT 2026: Americas Stage 1,NRG,KRÜ Esports,0.5714,0.25,0.3214,0.4,0.25,0.15000000000000002,1539.8043697694204,1469.466732195458,70.33763757396241,0.5,6.26400000000001,0.07500000000000007,197.589,191.325,0
645485,VCT 2026: Americas Stage 1,100 Thieves,Sentinels,0.6667,0.2,0.46669999999999995,0.6,0.2,0.39999999999999997,1540.2688365302292,1452.5466454747188,87.7221910555104,1.0,6.2620000000000005,0.06899999999999995,198.102,191.84,0
645486,VCT 2026: Americas Stage 1,LEVIATÁN,ENVY,0.5714,0.4286,0.14280000000000004,0.8,0.4,0.4,1520.5735139602498,1481.9666872654561,38.606826694793654,0.5,6.125,0.09200000000000008,200.389,194.264,1
645487,VCT 2026: Americas Stage 1,G2 Esports,LOUD,0.5714,0.2,0.3714,0.2,0.2,0.0,1528.4634027724492,1455.6916617491875,72.77174102326171,0.5,16.323999999999984,0.1279999999999999,203.551,187.227,1
645488,VCT 2026: Americas Stage 1,FURIA,KRÜ Esports,0.75,0.4,0.35,0.6,0.4,0.19999999999999996,1560.5760500227395,1488.66236111502,71.91368890771946,1.0,0.6750000000000114,-0.0050000000000000044,192.0,191.325,0
645489,VCT 2026: Americas Stage 1,NRG,100 Thieves,0.5333,0.6,-0.06669999999999998,0.2,0.6,-0.39999999999999997,1520.6087408498583,1520.312789329692,0.29595152016645443,1.0,-0.5130000000000052,0.013000000000000123,197.589,198.102,1
645490,VCT 2026: Americas Stage 1,Evil Geniuses,Sentinels,0.2857,0.3333,-0.047599999999999976,0.4,0.4,0.0,1458.6357967735253,1472.5026926752562,-13.866895901730913,0.0,-3.73599999999999,-0.016000000000000014,188.104,191.84,0
645491,VCT 2026: Americas Stage 1,MIBR,Cloud9,0.5714,0.4444,0.127,0.4,0.2,0.2,1520.8956427112632,1477.9482427969647,42.94739991429856,0.5,2.3329999999999984,0.026000000000000023,193.976,191.643,0
645492,VCT 2026: Americas Stage 1,Evil Geniuses,NRG,0.25,0.5625,-0.3125,0.2,0.2,0.0,1443.274052056319,1536.595111781983,-93.32105972566387,0.5,-9.484999999999985,-0.09800000000000009,188.104,197.589,0
645493,VCT 2026: Americas Stage 1,LEVIATÁN,MIBR,0.625,0.5,0.125,0.8,0.4,0.4,1534.8028855169682,1502.9278543036814,31.875031213286775,0.5,6.413000000000011,0.05800000000000005,200.389,193.976,0
645494,VCT 2026: Americas Stage 1,KRÜ Esports,100 Thieves,0.5,0.5455,-0.045499999999999985,0.6,0.4,0.19999999999999996,1507.9276110579647,1504.3264183975673,3.6011926603973734,0.5,-6.777000000000015,-0.061999999999999944,191.325,198.102,0
645495,VCT 2026: Americas Stage 1,FURIA,Sentinels,0.6667,0.4286,0.23809999999999998,0.4,0.4,0.0,1541.310800079795,1487.8644373924624,53.44636268733257,1.0,0.1599999999999966,0.0020000000000000018,192.0,191.84,1
645496,VCT 2026: Americas Stage 1,LOUD,Cloud9,0.1667,0.5,-0.33330000000000004,0.2,0.4,-0.2,1442.9947615928259,1495.9160312045465,-52.92126961172062,0.0,-4.415999999999997,-0.03499999999999992,187.227,191.643,1
645497,VCT 2026: Americas Stage 1,G2 Esports,ENVY,0.6,0.375,0.22499999999999998,0.4,0.2,0.2,1541.1603029288108,1467.7373157087377,73.42298722007308,0.5,9.286999999999978,0.10099999999999998,203.551,194.264,1
645498,VCT 2026: Americas Stage 1,KRÜ Esports,Evil Geniuses,0.4286,0.2222,0.20639999999999997,0.6,0.0,0.6,1491.7617759459945,1431.47119255713,60.290583388864434,0.5,3.220999999999975,0.02300000000000002,191.325,188.104,1
645499,VCT 2026: Americas Stage 1,FURIA,100 Thieves,0.7,0.5833,0.11669999999999991,0.6,0.4,0.19999999999999996,1554.8687367745558,1520.4922535095375,34.37648326501835,0.5,-6.102000000000004,-0.06699999999999995,192.0,198.102,0
645500,VCT 2026: Americas Stage 1,G2 Esports,Cloud9,0.625,0.4545,0.17049999999999998,0.4,0.2,0.2,1553.828501416441,1477.4975914395513,76.33090997688964,1.0,11.907999999999987,0.09299999999999997,203.551,191.643,1
645501,VCT 2026: Americas Stage 1,ENVY,MIBR,0.3333,0.5556,-0.2223,0.2,0.6,-0.39999999999999997,1455.0691172211075,1520.3916491643931,-65.32253194328564,0.0,0.2880000000000109,-0.03400000000000003,194.264,193.976,1
645502,VCT 2026: Americas Stage 1,LOUD,LEVIATÁN,0.2857,0.5556,-0.2699,0.4,0.6,-0.19999999999999996,1461.413201357821,1517.3390906562565,-55.92588929843555,0.5,-13.162000000000006,-0.119,187.227,200.389,1
645503,VCT 2026: Americas Stage 1,Sentinels,NRG,0.375,0.5882,-0.21319999999999995,0.4,0.4,0.0,1474.3065006977015,1548.397971281172,-74.09147058347048,0.5,-5.748999999999995,-0.08200000000000007,191.84,197.589,0
660369,VCT 2026: Americas Stage 1,FURIA,LEVIATÁN,0.6364,0.5,0.13639999999999997,0.6,0.6,0.0,1537.2907871347832,1498.7856242100154,38.505162924767774,0.5,-8.38900000000001,-0.07800000000000007,192.0,200.389,0
660370,VCT 2026: Americas Stage 1,G2 Esports,100 Thieves,0.6471,0.6154,0.03170000000000006,0.6,0.6,0.0,1566.3688179145702,1538.0702031493101,28.298614765260027,1.0,5.448999999999984,0.020000000000000018,203.551,198.102,1
660371,VCT 2026: Americas Stage 1,MIBR,LEVIATÁN,0.5,0.5455,-0.045499999999999985,0.6,0.6,0.0,1501.418387085012,1516.5516280499717,-15.133240964959668,1.0,-6.413000000000011,-0.05800000000000005,193.976,200.389,0
660372,VCT 2026: Americas Stage 1,KRÜ Esports,G2 Esports,0.5,0.6667,-0.16669999999999996,0.8,0.8,0.0,1505.0128295163968,1581.0684927673929,-76.05566325099608,0.5,-12.225999999999999,-0.08199999999999996,191.325,203.551,0
660375,VCT 2026: Americas Stage 1,FURIA,NRG,0.5833,0.6111,-0.027799999999999936,0.4,0.6,-0.19999999999999996,1519.5247832948269,1561.0367317211364,-41.51194842630957,1.0,-5.588999999999999,-0.08000000000000007,192.0,197.589,0
660376,VCT 2026: Americas Stage 1,100 Thieves,LOUD,0.5714,0.375,0.19640000000000002,0.4,0.6,-0.19999999999999996,1523.3705282964875,1479.9666678040621,43.40386049242534,1.0,10.875,0.10799999999999987,198.102,187.227,1
660377,VCT 2026: Americas Stage 1,KRÜ Esports,NRG,0.4444,0.6316,-0.18720000000000003,0.6,0.8,-0.20000000000000007,1492.4604280236285,1575.1340811379405,-82.67365311431195,1.0,-6.26400000000001,-0.07500000000000007,191.325,197.589,0
660378,VCT 2026: Americas Stage 1,MIBR,100 Thieves,0.4545,0.6,-0.14549999999999996,0.4,0.6,-0.19999999999999996,1486.1148581912619,1537.3820404140765,-51.267182222814654,0.5,-4.126000000000005,-0.04699999999999993,193.976,198.102,0
660373,VCT 2026: Americas Stage 1,LEVIATÁN,G2 Esports,0.5833,0.6842,-0.10089999999999999,0.6,1.0,-0.4,1531.8551569437218,1593.620894260161,-61.7657373164393,1.0,-3.1619999999999777,-0.008999999999999897,200.389,203.551,1
660379,VCT 2026: Americas Stage 1,NRG,100 Thieves,0.65,0.625,0.025000000000000022,1.0,0.8,0.19999999999999996,1587.3970860155564,1551.0380868844497,36.35899913110666,1.0,-0.5130000000000052,0.013000000000000123,197.589,198.102,1
660380,VCT 2026: Americas Stage 1,G2 Esports,NRG,0.65,0.6667,-0.016699999999999937,0.8,1.0,-0.19999999999999996,1574.8060682177004,1601.7287779672843,-26.922709749583873,1.0,5.961999999999989,0.006999999999999895,203.551,197.589,1
660374,VCT 2026: Americas Stage 1,LEVIATÁN,G2 Esports,0.6154,0.6667,-0.05130000000000001,0.6,0.8,-0.20000000000000007,1550.6699829861825,1592.0434291643173,-41.37344617813483,1.0,-3.1619999999999777,-0.008999999999999897,200.389,203.551,0
644709,VCT 2026: EMEA Stage 1,FNATIC,Eternal Fire,0.5714,0.5,0.07140000000000002,0.6,0.5,0.09999999999999998,1516.5199631643004,1500.0,16.519963164300407,0.5,-1.195999999999998,0.016000000000000014,198.665,199.861,1
644710,VCT 2026: EMEA Stage 1,Team Liquid,Karmine Corp,0.6364,0.25,0.38639999999999997,0.6,0.25,0.35,1545.2251228598195,1468.0646932189104,77.16042964090911,1.0,6.843999999999994,0.041000000000000036,197.036,190.192,1
644711,VCT 2026: EMEA Stage 1,Team Vitality,GIANTX,0.5,0.4,0.09999999999999998,0.4,0.4,0.0,1500.1850850968126,1484.6377776320064,15.547307464806181,1.0,14.24199999999999,0.09699999999999998,201.874,187.632,1
644712,VCT 2026: EMEA Stage 1,Gentle Mates,FUT Esports,0.6667,0.0,0.6667,0.6,0.0,0.6,1547.2144692663142,1452.0339081301693,95.18056113614489,1.0,6.042000000000002,0.06900000000000006,196.248,190.206,0
644713,VCT 2026: EMEA Stage 1,Team Heretics,Natus Vincere,0.5,0.4,0.09999999999999998,0.6,0.4,0.19999999999999996,1500.6125979973788,1483.391733354007,17.22086464337167,0.5,7.1769999999999925,0.06000000000000005,201.017,193.84,0
644714,VCT 2026: EMEA Stage 1,BBL Esports,PCIFIC Esports,0.7143,0.0,0.7143,0.6,0.0,0.6,1546.9267298390967,1452.0339081301693,94.89282170892739,1.0,8.188999999999993,0.040999999999999925,190.029,181.84,1
644716,VCT 2026: EMEA Stage 1,PCIFIC Esports,GIANTX,0.0,0.3333,-0.3333,0.0,0.4,-0.4,1440.2983697903062,1469.3532800777791,-29.05491028747292,0.0,-5.792000000000002,-0.04399999999999993,181.84,187.632,0
644717,VCT 2026: EMEA Stage 1,BBL Esports,Eternal Fire,0.75,0.0,0.75,0.6,0.0,0.6,1558.6622681789597,1484.7601996085111,73.90206857044859,0.5,-9.831999999999994,-0.05900000000000005,190.029,199.861,0
644718,VCT 2026: EMEA Stage 1,FNATIC,Team Vitality,0.625,0.5714,0.05359999999999998,0.6,0.4,0.19999999999999996,1531.7597635557893,1515.46958265104,16.290180904749377,1.0,-3.209000000000003,-0.02499999999999991,198.665,201.874,1
644719,VCT 2026: EMEA Stage 1,Team Liquid,Team Heretics,0.6667,0.4286,0.23809999999999998,0.6,0.4,0.19999999999999996,1557.729043522009,1483.8201966779595,73.90884684404955,1.0,-3.9809999999999945,-0.04400000000000004,197.036,201.017,1
644720,VCT 2026: EMEA Stage 1,FUT Esports,Natus Vincere,0.25,0.5,-0.25,0.25,0.4,-0.15000000000000002,1472.3106766494234,1500.1841346734263,-27.873458024002957,0.5,-3.6340000000000146,-0.039000000000000035,190.206,193.84,1
644721,VCT 2026: EMEA Stage 1,Gentle Mates,Karmine Corp,0.6,0.2,0.39999999999999997,0.4,0.2,0.2,1526.93770074706,1455.5607725567208,71.37692819033919,0.5,6.055999999999983,0.05500000000000005,196.248,190.192,1
644722,VCT 2026: EMEA Stage 1,BBL Esports,GIANTX,0.6667,0.4286,0.23809999999999998,0.4,0.4,0.0,1539.3093669214225,1484.0183624478855,55.29100447353699,0.5,2.3969999999999914,-0.0030000000000000027,190.029,187.632,0
644723,VCT 2026: EMEA Stage 1,Gentle Mates,Natus Vincere,0.6364,0.4286,0.20779999999999998,0.4,0.2,0.2,1539.696147517703,1482.9032613246015,56.79288619310137,1.0,2.407999999999987,0.030000000000000027,196.248,193.84,1
644724,VCT 2026: EMEA Stage 1,Eternal Fire,Team Vitality,0.5,0.5,0.0,0.5,0.4,0.09999999999999998,1504.1131008660484,1500.2192239530796,3.8938769129688353,0.5,-2.0130000000000052,-0.040999999999999925,199.861,201.874,1
644725,VCT 2026: EMEA Stage 1,Karmine Corp,Team Heretics,0.1667,0.375,-0.2083,0.2,0.4,-0.2,1442.802325786078,1471.1733963775564,-28.37107059147843,0.0,-10.824999999999989,-0.08500000000000008,190.192,201.017,0
644726,VCT 2026: EMEA Stage 1,FUT Esports,Team Liquid,0.4,0.6923,-0.2923,0.4,0.6,-0.19999999999999996,1489.5915499982482,1570.3758438224122,-80.78429382416402,0.5,-6.8300000000000125,-0.05500000000000005,190.206,197.036,1
644727,VCT 2026: EMEA Stage 1,PCIFIC Esports,FNATIC,0.0,0.6667,-0.6667,0.0,0.6,-0.6,1425.6332874201998,1547.0101222537496,-121.37683483354976,0.5,-16.82499999999999,-0.11599999999999999,181.84,198.665,0
644728,VCT 2026: EMEA Stage 1,Eternal Fire,PCIFIC Esports,0.6667,0.0,0.6667,0.6667,0.0,0.6667,1519.9337887149654,1415.0060795625134,104.92770915245205,0.5,18.020999999999987,0.09999999999999998,199.861,181.84,1
644729,VCT 2026: EMEA Stage 1,Natus Vincere,Team Liquid,0.375,0.6429,-0.2679,0.2,0.4,-0.2,1469.4956219706187,1550.7212143016693,-81.22559233105062,0.5,-3.195999999999998,-0.016000000000000014,193.84,197.036,0
644730,VCT 2026: EMEA Stage 1,GIANTX,FNATIC,0.5,0.7,-0.19999999999999996,0.4,0.6,-0.19999999999999996,1502.543327752476,1557.637330111436,-55.0940023589601,0.5,-11.032999999999987,-0.07200000000000006,187.632,198.665,0
644731,VCT 2026: EMEA Stage 1,Karmine Corp,FUT Esports,0.1429,0.5,-0.3571,0.2,0.6,-0.39999999999999997,1428.1059655525896,1509.246179518991,-81.14021396640146,1.0,-0.013999999999981583,0.014000000000000012,190.192,190.206,0
644732,VCT 2026: EMEA Stage 1,Gentle Mates,Team Heretics,0.6667,0.4444,0.22229999999999994,0.4,0.4,0.0,1553.1037868716858,1485.8697566110447,67.23403026064102,0.5,-4.7690000000000055,-0.030000000000000027,196.248,201.017,0
644733,VCT 2026: EMEA Stage 1,BBL Esports,Team Vitality,0.6,0.4444,0.15559999999999996,0.4,0.2,0.2,1520.784401616832,1484.3985361041625,36.3858655126694,1.0,-11.844999999999999,-0.09999999999999998,190.029,201.874,1
644734,VCT 2026: EMEA Stage 1,Team Heretics,FUT Esports,0.5,0.5714,-0.07140000000000002,0.4,0.8,-0.4,1504.9279189768883,1521.5760180650775,-16.648099088189156,0.5,10.811000000000007,0.09900000000000009,201.017,190.206,1
644735,VCT 2026: EMEA Stage 1,Team Vitality,PCIFIC Esports,0.4,0.0,0.4,0.2,0.0,0.2,1470.0680679337618,1403.6964396751828,66.371628258579,0.5,20.033999999999992,0.1409999999999999,201.874,181.84,1
644736,VCT 2026: EMEA Stage 1,Natus Vincere,Karmine Corp,0.3333,0.125,0.20829999999999999,0.2,0.0,0.2,1457.1695081509288,1415.7761270065032,41.393381144425575,1.0,3.647999999999996,0.025000000000000022,193.84,190.192,1
644737,VCT 2026: EMEA Stage 1,BBL Esports,FNATIC,0.6364,0.7273,-0.09089999999999998,0.4,0.8,-0.4,1535.1148697872327,1571.1212119431555,-36.006342155922766,1.0,-8.635999999999996,-0.07500000000000007,190.029,198.665,0
644738,VCT 2026: EMEA Stage 1,GIANTX,Eternal Fire,0.4444,0.75,-0.3056,0.4,0.75,-0.35,1489.0594459207566,1531.243428602296,-42.18398268153942,0.5,-12.228999999999985,-0.05600000000000005,187.632,199.861,0
644739,VCT 2026: EMEA Stage 1,Gentle Mates,Team Liquid,0.6154,0.6667,-0.05130000000000001,0.4,0.6,-0.19999999999999996,1534.0456245058422,1563.0473281213592,-29.001703615517044,1.0,-0.7880000000000109,0.014000000000000012,196.248,197.036,0
660381,VCT 2026: EMEA Stage 1,Eternal Fire,Team Heretics,0.8,0.5455,0.25450000000000006,0.8,0.6,0.20000000000000007,1545.3102743904567,1521.6940060384832,23.61626835197353,0.5,-1.156000000000006,-0.03200000000000003,199.861,201.017,1
660382,VCT 2026: EMEA Stage 1,Team Liquid,Team Vitality,0.6875,0.4545,0.23299999999999998,0.8,0.4,0.4,1577.7148437241897,1483.0481878346911,94.66665588949854,0.5,-4.837999999999994,-0.052999999999999936,197.036,201.874,0
660383,VCT 2026: EMEA Stage 1,FUT Esports,Eternal Fire,0.5,0.8333,-0.33330000000000004,0.8,1.0,-0.19999999999999996,1504.8099310034827,1560.2243769315812,-55.41444592809853,0.5,-9.655000000000001,-0.06700000000000006,190.206,199.861,1
660384,VCT 2026: EMEA Stage 1,FNATIC,Team Vitality,0.75,0.5,0.25,1.0,0.4,0.6,1585.4689694760998,1503.3029723760478,82.16599710005198,1.0,-3.209000000000003,-0.02499999999999991,198.665,201.874,0
660387,VCT 2026: EMEA Stage 1,Team Heretics,BBL Esports,0.5,0.5833,-0.08330000000000004,0.6,0.4,0.19999999999999996,1506.7799034973586,1520.7671122542883,-13.987208756929704,0.5,10.988,0.09100000000000008,201.017,190.029,1
660388,VCT 2026: EMEA Stage 1,Team Liquid,Gentle Mates,0.6471,0.5714,0.07569999999999999,0.6,0.4,0.19999999999999996,1557.460059182833,1519.3781089030117,38.081950279821285,0.5,0.7880000000000109,-0.014000000000000012,197.036,196.248,0
660389,VCT 2026: EMEA Stage 1,FNATIC,Team Heretics,0.6923,0.5385,0.15380000000000005,0.8,0.8,0.0,1565.7540849837196,1523.4236904985444,42.33039448517525,0.5,-2.352000000000004,-0.016000000000000014,198.665,201.017,0
660390,VCT 2026: EMEA Stage 1,Eternal Fire,Gentle Mates,0.7143,0.6,0.11430000000000007,0.8,0.6,0.20000000000000007,1541.6938688210093,1537.1248579377502,4.569010883259125,0.5,3.6129999999999995,-0.0020000000000000018,199.861,196.248,1
660385,VCT 2026: EMEA Stage 1,FUT Esports,Team Vitality,0.5556,0.5385,0.017100000000000004,0.8,0.6,0.20000000000000007,1523.3404391140543,1523.017856868428,0.32258224562633586,0.5,-11.668000000000006,-0.10799999999999998,190.206,201.874,0
660391,VCT 2026: EMEA Stage 1,Team Heretics,Eternal Fire,0.5714,0.75,-0.17859999999999998,0.8,0.8,0.0,1541.3634884573246,1557.4834702226663,-16.119981765341663,0.0,1.156000000000006,0.03200000000000003,201.017,199.861,1
660392,VCT 2026: EMEA Stage 1,FUT Esports,Team Heretics,0.5,0.6,-0.09999999999999998,0.6,0.8,-0.20000000000000007,1507.3255836569222,1558.1053088260712,-50.77972516914906,0.0,-10.811000000000007,-0.09900000000000009,190.206,201.017,0
660386,VCT 2026: EMEA Stage 1,Team Vitality,Team Heretics,0.5714,0.625,-0.05359999999999998,0.8,0.8,0.0,1539.0327123255602,1571.783326254434,-32.75061392887392,0.5,0.8569999999999993,0.008999999999999897,201.874,201.017,0
644652,VCT 2026: Pacific Stage 1,Gen.G,Global Esports,0.25,0.5,-0.25,0.25,0.4,-0.15000000000000002,1468.7025262344864,1496.5866588427139,-27.884132608227446,0.0,-7.2190000000000225,-0.062000000000000055,193.992,201.211,0
644653,VCT 2026: Pacific Stage 1,T1,VARREL,0.6667,0.0,0.6667,0.6,0.0,0.6,1545.986524924665,1452.0339081301693,93.95261679449573,0.5,16.894000000000005,0.14300000000000002,202.844,185.95,1
644654,VCT 2026: Pacific Stage 1,Nongshim RedForce,Paper Rex,1.0,0.7333,0.26670000000000005,1.0,0.6,0.4,1627.745017256562,1607.7191671875082,20.02585006905383,1.0,-7.050999999999988,-0.03400000000000003,200.615,207.666,0
644655,VCT 2026: Pacific Stage 1,FULL SENSE,DetonatioN FocusMe,0.4,0.5714,-0.1714,0.4,0.6,-0.19999999999999996,1484.0015492343816,1512.7666498365193,-28.765100602137636,0.0,6.969999999999999,0.06400000000000006,201.376,194.406,1
644656,VCT 2026: Pacific Stage 1,Team Secret,Kiwoom DRX,0.0,0.5,-0.5,0.0,0.6,-0.6,1452.7024671725246,1500.0291788503862,-47.32671167786157,0.5,-8.467000000000013,-0.07199999999999995,186.6,195.067,0
644657,VCT 2026: Pacific Stage 1,Rex Regum Qeon,ZETA DIVISION,0.4,0.25,0.15000000000000002,0.4,0.25,0.15000000000000002,1488.3544900868224,1468.7024640175607,19.652026069261638,0.5,8.542999999999978,0.10199999999999998,194.265,185.722,1
644658,VCT 2026: Pacific Stage 1,DetonatioN FocusMe,T1,0.5,0.7,-0.19999999999999996,0.4,0.6,-0.19999999999999996,1495.4449864526632,1557.7623144444012,-62.31732799173801,0.0,-8.437999999999988,-0.08600000000000008,194.406,202.844,0
644659,VCT 2026: Pacific Stage 1,Nongshim RedForce,Kiwoom DRX,0.8889,0.5714,0.3175,0.8,0.6,0.20000000000000007,1610.8238127134603,1513.8630840826536,96.96072863080667,0.5,5.548000000000002,0.04300000000000004,200.615,195.067,0
644660,VCT 2026: Pacific Stage 1,Team Secret,Global Esports,0.0,0.5714,-0.5714,0.0,0.6,-0.6,1438.8685619402572,1511.3052970627448,-72.43673512248756,0.5,-14.611000000000018,-0.10699999999999998,186.6,201.211,0
644661,VCT 2026: Pacific Stage 1,Rex Regum Qeon,VARREL,0.5,0.0,0.5,0.4,0.0,0.4,1503.450444764469,1440.258118610433,63.19232615403598,0.5,8.314999999999998,0.09899999999999998,194.265,185.95,1
644662,VCT 2026: Pacific Stage 1,FULL SENSE,ZETA DIVISION,0.5,0.2,0.3,0.4,0.2,0.2,1501.3232126182377,1453.606509339914,47.71670327832362,1.0,15.653999999999996,0.124,201.376,185.722,1
644663,VCT 2026: Pacific Stage 1,Gen.G,Paper Rex,0.2,0.75,-0.55,0.2,0.8,-0.6000000000000001,1453.9838880144555,1624.64037173061,-170.65648371615453,0.5,-13.674000000000007,-0.10400000000000009,193.992,207.666,1
644665,VCT 2026: Pacific Stage 1,FULL SENSE,VARREL,0.5714,0.0,0.5714,0.4,0.0,0.4,1515.1394899264812,1427.1365618553893,88.0029280710919,0.5,15.426000000000016,0.121,201.376,185.95,1
644666,VCT 2026: Pacific Stage 1,Team Secret,Paper Rex,0.0,0.7059,-0.7059,0.0,0.6,-0.6,1426.1568887647343,1601.357819830458,-175.2009310657238,0.5,-21.066000000000003,-0.14900000000000002,186.6,207.666,0
644667,VCT 2026: Pacific Stage 1,Kiwoom DRX,Global Esports,0.625,0.625,0.0,0.8,0.6,0.20000000000000007,1534.2158702601823,1524.0169702382677,10.198900021914596,0.5,-6.1440000000000055,-0.03500000000000003,195.067,201.211,1
644668,VCT 2026: Pacific Stage 1,ZETA DIVISION,DetonatioN FocusMe,0.1667,0.4444,-0.27770000000000006,0.2,0.2,0.0,1439.7902320316705,1482.2844211037261,-42.49418907205563,0.5,-8.683999999999997,-0.05999999999999994,185.722,194.406,0
644669,VCT 2026: Pacific Stage 1,Rex Regum Qeon,T1,0.5714,0.7273,-0.15589999999999993,0.4,0.6,-0.19999999999999996,1516.5720015195127,1570.9228797933383,-54.35087827382563,0.0,-8.579000000000008,-0.04400000000000004,194.265,202.844,0
644670,VCT 2026: Pacific Stage 1,Nongshim RedForce,Gen.G,0.8,0.3333,0.46670000000000006,0.6,0.4,0.19999999999999996,1590.4710265359315,1477.2664399146074,113.2045866213241,0.5,6.623000000000019,0.07000000000000006,200.615,193.992,1
644671,VCT 2026: Pacific Stage 1,Rex Regum Qeon,FULL SENSE,0.5,0.625,-0.125,0.4,0.6,-0.19999999999999996,1503.0547326893243,1527.1713071019215,-24.116574412597174,0.5,-7.111000000000018,-0.02200000000000002,194.265,201.376,1
644672,VCT 2026: Pacific Stage 1,Paper Rex,Global Esports,0.7222,0.5556,0.16659999999999997,0.6,0.6,0.0,1609.9103361938198,1508.4865120804398,101.42382411338008,1.0,6.454999999999984,0.04200000000000004,207.666,201.211,1
644673,VCT 2026: Pacific Stage 1,Gen.G,Kiwoom DRX,0.2857,0.6667,-0.38099999999999995,0.4,0.8,-0.4,1466.3027275390527,1549.7463284180103,-83.44360087895757,0.5,-1.075000000000017,-0.027000000000000024,193.992,195.067,0
644674,VCT 2026: Pacific Stage 1,DetonatioN FocusMe,VARREL,0.5,0.0,0.5,0.2,0.0,0.2,1496.337191421858,1415.1047446799491,81.23244674190892,0.5,8.456000000000017,0.05699999999999994,194.406,185.95,1
644675,VCT 2026: Pacific Stage 1,T1,ZETA DIVISION,0.75,0.1429,0.6071,0.8,0.2,0.6000000000000001,1584.4401486235267,1425.7374617135386,158.7026869099882,0.5,17.121999999999986,0.14600000000000002,202.844,185.722,1
644676,VCT 2026: Pacific Stage 1,Nongshim RedForce,Team Secret,0.8182,0.0,0.8182,0.6,0.0,0.6,1601.4347389114862,1417.6043724013725,183.83036651011366,1.0,14.015000000000015,0.11499999999999999,200.615,186.6,1
644677,VCT 2026: Pacific Stage 1,Gen.G,Team Secret,0.25,0.0,0.25,0.2,0.0,0.2,1454.0732284216042,1409.3595350576716,44.713693363932634,0.5,7.391999999999996,0.04499999999999993,193.992,186.6,0
644678,VCT 2026: Pacific Stage 1,VARREL,ZETA DIVISION,0.0,0.125,-0.125,0.0,0.0,0.0,1402.7789298733574,1416.5768006905469,-13.797870817189505,0.5,0.22799999999998022,0.0030000000000000027,185.95,185.722,0
644679,VCT 2026: Pacific Stage 1,T1,FULL SENSE,0.7692,0.5556,0.2136,0.8,0.6,0.20000000000000007,1593.6008096465184,1510.0624780798132,83.53833156670521,0.5,1.4679999999999893,0.02200000000000002,202.844,201.376,1
644680,VCT 2026: Pacific Stage 1,Nongshim RedForce,Global Esports,0.8333,0.5,0.33330000000000004,0.6,0.4,0.19999999999999996,1609.6795762551872,1497.0289465477276,112.65062970745953,0.5,-0.5960000000000036,0.008000000000000007,200.615,201.211,0
644681,VCT 2026: Pacific Stage 1,Paper Rex,Kiwoom DRX,0.7368,0.7,0.036800000000000055,0.6,0.8,-0.20000000000000007,1621.367901726532,1561.9758275354588,59.39207419107311,1.0,12.59899999999999,0.07700000000000007,207.666,195.067,1
644682,VCT 2026: Pacific Stage 1,Rex Regum Qeon,DetonatioN FocusMe,0.5556,0.5455,0.010099999999999998,0.6,0.4,0.19999999999999996,1520.1635617114325,1508.6630062284498,11.50055548298269,1.0,-0.14100000000001955,0.04200000000000004,194.265,194.406,1
666488,VCT 2026: Pacific Stage 1,Rex Regum Qeon,Global Esports,0.6,0.5455,0.05449999999999999,0.8,0.6,0.20000000000000007,1535.6341349081324,1518.0422395601474,17.591895347984973,0.5,-6.946000000000026,-0.02200000000000002,194.265,201.211,0
666489,VCT 2026: Pacific Stage 1,Kiwoom DRX,FULL SENSE,0.6364,0.5,0.13639999999999997,0.8,0.6,0.20000000000000007,1548.6845997348746,1497.8370989397947,50.847500795079895,0.5,-6.3089999999999975,-0.03500000000000003,195.067,201.376,0
666490,VCT 2026: Pacific Stage 1,Paper Rex,Global Esports,0.75,0.5833,0.16669999999999996,0.8,0.6,0.20000000000000007,1634.6591295271162,1534.8516846581886,99.80744486892763,1.0,6.454999999999984,0.04200000000000004,207.666,201.211,0
666491,VCT 2026: Pacific Stage 1,T1,FULL SENSE,0.7857,0.5455,0.24019999999999997,1.0,0.6,0.4,1605.826188786537,1516.1621368727392,89.66405191379772,1.0,1.4679999999999893,0.02200000000000002,202.844,201.376,0
666494,VCT 2026: Pacific Stage 1,Rex Regum Qeon,DetonatioN FocusMe,0.5455,0.5,0.045499999999999985,0.6,0.4,0.19999999999999996,1518.8246898100913,1493.19243303175,25.632256778341343,1.0,-0.14100000000001955,0.04200000000000004,194.265,194.406,1
666495,VCT 2026: Pacific Stage 1,Kiwoom DRX,Nongshim RedForce,0.5833,0.7692,-0.18589999999999995,0.6,0.4,0.19999999999999996,1530.35956180193,1588.6662832427673,-58.30672144083724,1.0,-5.548000000000002,-0.04300000000000004,195.067,200.615,1
666496,VCT 2026: Pacific Stage 1,T1,Rex Regum Qeon,0.7333,0.5833,0.1499999999999999,0.8,0.6,0.20000000000000007,1585.786299296527,1533.6464177008481,52.139881595678844,1.0,8.579000000000008,0.04400000000000004,202.844,194.265,1
666497,VCT 2026: Pacific Stage 1,Paper Rex,Kiwoom DRX,0.7143,0.6154,0.0989000000000001,0.6,0.6,0.0,1614.1852224359097,1549.0197587170196,65.16546371889012,1.0,12.59899999999999,0.07700000000000007,207.666,195.067,1
666492,VCT 2026: Pacific Stage 1,Global Esports,FULL SENSE,0.6154,0.5833,0.032099999999999906,0.6,0.6,0.0,1555.325591749395,1536.2020263627492,19.12356538664585,0.5,-0.16499999999999204,0.0,201.211,201.376,0
666498,VCT 2026: Pacific Stage 1,T1,Paper Rex,0.75,0.7273,0.022700000000000053,0.8,0.8,0.0,1599.4030335426141,1627.2189444202238,-27.815910877609667,1.0,-4.822000000000003,-0.020000000000000018,202.844,207.666,0
666499,VCT 2026: Pacific Stage 1,Global Esports,Paper Rex,0.5714,0.7391,-0.16769999999999996,0.6,0.8,-0.20000000000000007,1538.4458073111505,1641.9407042662444,-103.49489695509396,0.25,-6.454999999999984,-0.04200000000000004,201.211,207.666,0
666493,VCT 2026: Pacific Stage 1,FULL SENSE,Paper Rex,0.6154,0.75,-0.13460000000000005,0.6,0.8,-0.20000000000000007,1553.0818108009937,1653.3107299362298,-100.22891913523608,0.5,-6.289999999999992,-0.04200000000000004,201.376,207.666,0
642914,VCT 2026: China Stage 1,Titan Esports Club,All Gamers,0.25,0.7143,-0.46430000000000005,0.25,0.6,-0.35,1469.9181498727778,1547.720501892902,-77.80235202012409,0.5,-0.657999999999987,0.013000000000000012,196.994,197.652,0
642915,VCT 2026: China Stage 1,Nova Esports,EDward Gaming,0.0,0.5556,-0.5556,0.0,0.6,-0.6,1453.3403483267098,1519.3528653363003,-66.01251700959051,0.5,-20.584000000000003,-0.15799999999999992,182.659,203.243,0
642916,VCT 2026: China Stage 1,JDG Esports,FunPlus Phoenix,0.5,0.0,0.5,0.4,0.0,0.4,1496.0352923410783,1452.7025262344864,43.33276610659186,1.0,8.456999999999994,0.04999999999999993,194.897,186.44,1
642917,VCT 2026: China Stage 1,Dragon Ranger Gaming,Xi Lai Gaming,0.4,0.5,-0.09999999999999998,0.4,0.4,0.0,1488.0887342340195,1503.4704858784862,-15.381751644466704,0.5,-4.474000000000018,-0.02400000000000002,200.963,205.437,0
642918,VCT 2026: China Stage 1,Wolves Esports,Trace Esports,0.4,0.4,0.0,0.4,0.4,0.0,1481.3147945170524,1485.8313049268056,-4.516510409753209,0.5,-5.580999999999989,-0.03700000000000003,188.8,194.381,0
642919,VCT 2026: China Stage 1,Bilibili Gaming,TYLOO,0.5714,0.5714,0.0,0.6,0.6,0.0,1514.218438198746,1510.9276925367794,3.290745661966639,0.5,-7.417000000000002,-0.010000000000000009,198.915,206.332,0
642920,VCT 2026: China Stage 1,Dragon Ranger Gaming,Nova Esports,0.3333,0.0,0.3333,0.2,0.0,0.2,1472.7966276375278,1440.3442767694114,32.452350868116355,0.5,18.304000000000002,0.1319999999999999,200.963,182.659,1
642921,VCT 2026: China Stage 1,FunPlus Phoenix,All Gamers,0.0,0.75,-0.75,0.0,0.6,-0.6,1438.6877905868023,1560.1962837312262,-121.50849314442394,0.5,-11.211999999999989,-0.05999999999999994,186.44,197.652,1
642922,VCT 2026: China Stage 1,TYLOO,Titan Esports Club,0.625,0.2,0.425,0.6,0.2,0.39999999999999997,1527.0792324433883,1457.4423680344535,69.6368644089348,1.0,9.337999999999994,0.028000000000000025,206.332,196.994,1
642923,VCT 2026: China Stage 1,Wolves Esports,EDward Gaming,0.3333,0.6,-0.2667,0.2,0.6,-0.39999999999999997,1465.5227757925325,1532.3489368935986,-66.82616110106619,0.5,-14.442999999999984,-0.08499999999999996,188.8,203.243,0
642924,VCT 2026: China Stage 1,Trace Esports,Xi Lai Gaming,0.5,0.5714,-0.07140000000000002,0.6,0.4,0.19999999999999996,1501.6233236513256,1518.762592474978,-17.1392688236524,0.5,-11.056000000000012,-0.04599999999999993,194.381,205.437,0
642925,VCT 2026: China Stage 1,Bilibili Gaming,JDG Esports,0.5,0.5714,-0.07140000000000002,0.4,0.6,-0.19999999999999996,1498.0668982921372,1510.0500279887624,-11.983129696625156,0.5,4.018000000000001,0.041000000000000036,198.915,194.897,1
642927,VCT 2026: China Stage 1,FunPlus Phoenix,TYLOO,0.2,0.6667,-0.46669999999999995,0.2,0.6,-0.39999999999999997,1460.0659614518106,1539.9146004179297,-79.8486389661191,0.0,-19.891999999999996,-0.10099999999999998,186.44,206.332,1
642928,VCT 2026: China Stage 1,Titan Esports Club,Bilibili Gaming,0.1667,0.5556,-0.3889,0.2,0.4,-0.2,1444.607000059912,1514.6185230925475,-70.01152303263552,0.5,-1.9209999999999923,-0.018000000000000016,196.994,198.915,1
642929,VCT 2026: China Stage 1,Xi Lai Gaming,Nova Esports,0.625,0.0,0.625,0.6,0.0,0.6,1533.9739396089938,1425.8344316243335,108.13950798466021,0.5,22.77800000000002,0.15599999999999992,205.437,182.659,1
642930,VCT 2026: China Stage 1,EDward Gaming,Trace Esports,0.6364,0.4286,0.20779999999999998,0.6,0.4,0.19999999999999996,1545.3088754547036,1486.4119765173098,58.89689893739387,0.5,8.861999999999995,0.04799999999999993,203.243,194.381,1
642931,VCT 2026: China Stage 1,JDG Esports,All Gamers,0.5,0.6667,-0.16669999999999996,0.6,0.4,0.19999999999999996,1493.498403188352,1538.818112866218,-45.31970967786583,0.5,-2.7549999999999955,-0.010000000000000009,194.897,197.652,0
642932,VCT 2026: China Stage 1,Dragon Ranger Gaming,Wolves Esports,0.4286,0.2857,0.14289999999999997,0.4,0.2,0.2,1487.3064727826056,1452.5628372314275,34.74363555117816,0.5,12.162999999999982,0.05899999999999994,200.963,188.8,1
642933,VCT 2026: China Stage 1,Nova Esports,Trace Esports,0.0,0.375,-0.375,0.0,0.4,-0.4,1414.6596207085913,1473.098593319078,-58.438972610486644,0.5,-11.722000000000008,-0.10999999999999999,182.659,194.381,0
642934,VCT 2026: China Stage 1,FunPlus Phoenix,Bilibili Gaming,0.3333,0.5,-0.16670000000000001,0.4,0.2,0.2,1479.679725496428,1495.437315916857,-15.757590420428869,0.0,-12.474999999999994,-0.09099999999999997,186.44,198.915,0
642935,VCT 2026: China Stage 1,All Gamers,TYLOO,0.7,0.6,0.09999999999999998,0.6,0.6,0.0,1552.7428199766605,1520.3008363733122,32.44198360334826,0.5,-8.680000000000007,-0.041000000000000036,197.652,206.332,0
642936,VCT 2026: China Stage 1,EDward Gaming,Dragon Ranger Gaming,0.6667,0.5,0.16669999999999996,0.6,0.4,0.19999999999999996,1558.6222586529354,1501.7117813578996,56.91047729503589,1.0,2.280000000000001,0.026000000000000023,203.243,200.963,1
642937,VCT 2026: China Stage 1,JDG Esports,Titan Esports Club,0.4444,0.2857,0.1587,0.4,0.2,0.2,1479.5736960779095,1463.7882072356026,15.785488842306904,1.0,-2.0970000000000084,-0.02300000000000002,194.897,196.994,1
642938,VCT 2026: China Stage 1,Xi Lai Gaming,Wolves Esports,0.6667,0.25,0.41669999999999996,0.6,0.2,0.39999999999999997,1545.148750524736,1438.1575286561335,106.99122186860245,1.0,16.637,0.08299999999999996,205.437,188.8,1
642939,VCT 2026: China Stage 1,TYLOO,JDG Esports,0.6364,0.5,0.13639999999999997,0.6,0.4,0.19999999999999996,1537.790517937995,1494.8472472465512,42.943270691443786,0.5,11.435000000000002,0.051000000000000045,206.332,194.897,0
642940,VCT 2026: China Stage 1,Trace Esports,Dragon Ranger Gaming,0.4444,0.4444,0.0,0.4,0.4,0.0,1486.4324747452404,1488.3094148270295,-1.8769400817891437,0.5,-6.581999999999994,-0.02199999999999991,194.381,200.963,0
642941,VCT 2026: China Stage 1,Titan Esports Club,FunPlus Phoenix,0.25,0.2857,-0.03570000000000001,0.2,0.4,-0.2,1448.514656066961,1464.4048922017803,-15.89023613481936,0.5,10.554000000000002,0.07299999999999995,196.994,186.44,1
642942,VCT 2026: China Stage 1,All Gamers,Bilibili Gaming,0.6364,0.5455,0.09089999999999998,0.4,0.4,0.0,1535.2531384119777,1510.7121492115048,24.54098920047295,1.0,-1.2630000000000052,-0.031000000000000028,197.652,198.915,1
642943,VCT 2026: China Stage 1,Nova Esports,Wolves Esports,0.0,0.2222,-0.2222,0.0,0.0,0.0,1401.325739282429,1426.9345987541112,-25.608859471682308,0.0,-6.1410000000000196,-0.07299999999999995,182.659,188.8,1
642944,VCT 2026: China Stage 1,EDward Gaming,Xi Lai Gaming,0.6923,0.7,-0.007699999999999929,0.8,0.8,0.0,1572.0246251838055,1556.3716804267583,15.65294475704718,0.0,-2.194000000000017,0.0020000000000000018,203.243,205.437,0
642947,VCT 2026: China Stage 1,TYLOO,Dragon Ranger Gaming,0.5833,0.5,0.08330000000000004,0.6,0.6,0.0,1519.8229168121488,1504.2229793828308,15.59993742931806,0.0,5.369,0.02100000000000013,206.332,200.963,1
642946,VCT 2026: China Stage 1,JDG Esports,EDward Gaming,0.5455,0.6429,-0.09740000000000004,0.6,0.8,-0.20000000000000007,1512.8148483723974,1555.3042677555918,-42.489419383194445,0.0,-8.346000000000004,-0.05599999999999994,194.897,203.243,0
642948,VCT 2026: China Stage 1,Titan Esports Club,Trace Esports,0.3333,0.4,-0.06670000000000004,0.4,0.4,0.0,1465.2459186794235,1470.518910189439,-5.272991510015572,0.5,2.6129999999999995,0.015000000000000013,196.994,194.381,0
642945,VCT 2026: China Stage 1,All Gamers,Xi Lai Gaming,0.6667,0.7273,-0.06059999999999999,0.6,1.0,-0.4,1550.1248598924883,1573.092037854972,-22.967177962483674,1.0,-7.785000000000025,-0.04399999999999993,197.652,205.437,0
659474,VCT 2026: China Stage 1,Xi Lai Gaming,Titan Esports Club,0.75,0.3,0.45,1.0,0.4,0.6,1588.0358981660845,1449.4887302697286,138.54716789635586,0.5,8.443000000000012,0.030999999999999917,205.437,196.994,1
659475,VCT 2026: China Stage 1,JDG Esports,TYLOO,0.5,0.6154,-0.11539999999999995,0.4,0.6,-0.19999999999999996,1498.7618616549596,1535.1049955302117,-36.34313387525208,1.0,-11.435000000000002,-0.051000000000000045,194.897,206.332,1
659476,VCT 2026: China Stage 1,All Gamers,Trace Esports,0.6154,0.4545,0.16089999999999993,0.4,0.4,0.0,1535.1809995813758,1486.276098599134,48.90490098224177,0.5,3.2709999999999866,0.0020000000000000018,197.652,194.381,1
659477,VCT 2026: China Stage 1,EDward Gaming,Dragon Ranger Gaming,0.6667,0.4545,0.21219999999999994,0.8,0.6,0.20000000000000007,1569.3572544730296,1488.940900664768,80.41635380826165,1.0,2.280000000000001,0.026000000000000023,203.243,200.963,1
659482,VCT 2026: China Stage 1,Titan Esports Club,TYLOO,0.2727,0.5714,-0.2987,0.4,0.4,0.0,1439.551077851762,1517.4374101640335,-77.8863323122714,0.0,-9.337999999999994,-0.028000000000000025,196.994,206.332,0
659483,VCT 2026: China Stage 1,Trace Esports,Dragon Ranger Gaming,0.4167,0.4167,0.0,0.4,0.4,0.0,1472.5134952848994,1476.5794660767774,-4.065970791878044,0.0,-6.581999999999994,-0.02199999999999991,194.381,200.963,0
659478,VCT 2026: China Stage 1,Xi Lai Gaming,JDG Esports,0.7692,0.5385,0.23070000000000002,1.0,0.6,0.4,1597.973550584051,1516.4294470211378,81.54410356291328,0.5,10.54000000000002,0.05399999999999994,205.437,194.897,1
659479,VCT 2026: China Stage 1,All Gamers,EDward Gaming,0.6429,0.6875,-0.04459999999999997,0.6,0.8,-0.20000000000000007,1548.9436028956104,1581.71868906102,-32.775086165409675,0.5,-5.591000000000008,-0.04599999999999993,197.652,203.243,0
659485,VCT 2026: China Stage 1,JDG Esports,Dragon Ranger Gaming,0.5,0.4615,0.03849999999999998,0.6,0.4,0.19999999999999996,1504.1172248973305,1492.392229749711,11.724995147619438,0.0,-6.0660000000000025,-0.029999999999999916,194.897,200.963,0
659484,VCT 2026: China Stage 1,All Gamers,TYLOO,0.6,0.6,0.0,0.4,0.6,-0.19999999999999996,1534.4484900630182,1529.9095123957206,4.538977667297559,0.0,-8.680000000000007,-0.041000000000000036,197.652,206.332,1
659480,VCT 2026: China Stage 1,Xi Lai Gaming,EDward Gaming,0.7857,0.7059,0.07979999999999998,1.0,0.8,0.19999999999999996,1610.2857727078583,1596.2138018936123,14.071970814246015,1.0,2.194000000000017,-0.0020000000000000018,205.437,203.243,0
659486,VCT 2026: China Stage 1,All Gamers,Dragon Ranger Gaming,0.625,0.5,0.125,0.6,0.6,0.0,1550.2394743077884,1508.9319808427806,41.30749346500784,1.0,-3.311000000000007,-0.019999999999999907,197.652,200.963,0
659487,VCT 2026: China Stage 1,Xi Lai Gaming,Dragon Ranger Gaming,0.7333,0.5333,0.19999999999999996,0.8,0.6,0.20000000000000007,1593.6380886276418,1526.825348422473,66.81274020516867,1.0,4.474000000000018,0.02400000000000002,205.437,200.963,1
659481,VCT 2026: China Stage 1,EDward Gaming,Xi Lai Gaming,0.7222,0.75,-0.027800000000000047,0.8,0.8,0.0,1612.8614859738288,1606.5986229355246,6.262863038304204,0.3333,-2.194000000000017,0.0020000000000000018,203.243,205.437,1
